/* ======================== */
/* === INSERTANDO DATOS === */
/* ======================== */

/*id_persona, id_direccion, rut, nombre_completo, correo, telefono, fecha_creacion, fecha_modificacion, usuario_creacion, usuario_modificacion, vigente */

INSERT INTO T_PERSONAS (id_direccion, rut_persona, nombre_completo_persona, correo_persona, telefono_persona, fecha_creacion, fecha_modificacion, usuario_creacion, usuario_modificacion, vigente) VALUES
(1, '19.232.217-0', 'Eduardo Valenzuela', 'contacto@evalenzuela.com','+56964818866', CURRENT_TIMESTAMP(),null, null, null, 1),
(2, '10.232.217-k', 'Rodrigo Vargas', 'contacto@rvargas.com','+56911111111', CURRENT_TIMESTAMP(), null ,null ,null , 1),
(3, '11.290.338-5', 'Francisco Vargas', 'contacto@fvargas.com','+56940901843', CURRENT_TIMESTAMP(), null ,null ,null , 1);

INSERT INTO T_DIRECCION (id_comuna, calle_direccion, numero_direccion, observacion_direccion, cod_postal, fecha_creacion, fecha_modificacion, usuario_creacion, usuario_modificacion, vigente) VALUES
(317, 'Apalaches', '14531', 'Depto', '303', CURRENT_TIMESTAMP(), null ,null ,null , 1),
(279, 'Maipú', '525', 'Cooperativa', '408', CURRENT_TIMESTAMP(), null ,null ,null , 1),
(279, 'Maipú', '525', 'Cooperativa', '007', CURRENT_TIMESTAMP(), null ,null ,null , 1);

INSERT INTO T_REGION (id_region, nombre_region, fecha_creacion, fecha_modificacion, usuario_creacion, usuario_modificacion, vigente) VALUES
(1, 'Tarapacá', CURRENT_TIMESTAMP(), null ,null ,null , 1),
(2, 'Antofagasta', CURRENT_TIMESTAMP(), null ,null ,null , 1),
(3, 'Atacama', CURRENT_TIMESTAMP(), null ,null ,null , 1),
(4, 'Coquimbo', CURRENT_TIMESTAMP(), null ,null ,null , 1),
(5, 'Valparaíso', CURRENT_TIMESTAMP(), null ,null ,null , 1),
(6, 'Región del Libertador Gral. Bernardo O’Higgins', CURRENT_TIMESTAMP(), null ,null ,null , 1),
(7, 'Región del Maule', CURRENT_TIMESTAMP(), null ,null ,null , 1),
(8, 'Región del Biobío', CURRENT_TIMESTAMP(), null ,null ,null , 1),
(9, 'Región de la Araucanía', CURRENT_TIMESTAMP(), null ,null ,null , 1),
(10, 'Región de Los Lagos', CURRENT_TIMESTAMP(), null ,null ,null , 1),
(11, 'Región Aisén del Gral. Carlos Ibáñez del Campo', CURRENT_TIMESTAMP(), null ,null ,null , 1),
(12, 'Región de Magallanes y de la Antártica Chilena', CURRENT_TIMESTAMP(), null ,null ,null , 1),
(13, 'Región Metropolitana de Santiago', CURRENT_TIMESTAMP(), null ,null ,null , 1),
(14, 'Región de Los Ríos', CURRENT_TIMESTAMP(), null ,null ,null , 1),
(15, 'Arica y Parinacota', CURRENT_TIMESTAMP(), null ,null ,null , 1),
(99, 'Sin región', CURRENT_TIMESTAMP(), null ,null ,null , 1);

INSERT INTO T_PROVINCIA (id_provincia, nombre_provincia, id_region, fecha_creacion, fecha_modificacion, usuario_creacion, usuario_modificacion, vigente) VALUES
(1, 'Arica', 15, CURRENT_TIMESTAMP(), null ,null ,null , 1),
(2, 'Parinacota', 15, CURRENT_TIMESTAMP(), null ,null ,null , 1),
(3, 'Iquique', 1, CURRENT_TIMESTAMP(), null ,null ,null , 1),
(4, 'Tamarugal', 1, CURRENT_TIMESTAMP(), null ,null ,null , 1),
(5, 'Antofagasta', 2, CURRENT_TIMESTAMP(), null ,null ,null , 1),
(6, 'El Loa', 2, CURRENT_TIMESTAMP(), null ,null ,null , 1),
(7, 'Tocopilla', 2, CURRENT_TIMESTAMP(), null ,null ,null , 1),
(8, 'Copiapó', 3, CURRENT_TIMESTAMP(), null ,null ,null , 1),
(9, 'Chañaral', 3, CURRENT_TIMESTAMP(), null ,null ,null , 1),
(10, 'Huasco', 3, CURRENT_TIMESTAMP(), null ,null ,null , 1),
(11, 'Elqui', 4, CURRENT_TIMESTAMP(), null ,null ,null , 1),
(12, 'Choapa', 4, CURRENT_TIMESTAMP(), null ,null ,null , 1),
(13, 'Limarí', 4, CURRENT_TIMESTAMP(), null ,null ,null , 1),
(14, 'Valparaíso', 5, CURRENT_TIMESTAMP(), null ,null ,null , 1),
(15, 'Isla de Pascua', 5, CURRENT_TIMESTAMP(), null ,null ,null , 1),
(16, 'Los Andes', 5, CURRENT_TIMESTAMP(), null ,null ,null , 1),
(17, 'Petorca', 5, CURRENT_TIMESTAMP(), null ,null ,null , 1),
(18, 'Quillota', 5, CURRENT_TIMESTAMP(), null ,null ,null , 1),
(19, 'San Antonio', 5, CURRENT_TIMESTAMP(), null ,null ,null , 1),
(20, 'San Felipe de Aconcagua', 5, CURRENT_TIMESTAMP(), null ,null ,null , 1),
(21, 'Marga Marga', 5, CURRENT_TIMESTAMP(), null ,null ,null , 1),
(22, 'Cachapoal', 6, CURRENT_TIMESTAMP(), null ,null ,null , 1),
(23, 'Cardenal Caro', 6, CURRENT_TIMESTAMP(), null ,null ,null , 1),
(24, 'Colchagua', 6, CURRENT_TIMESTAMP(), null ,null ,null , 1),
(25, 'Talca', 7, CURRENT_TIMESTAMP(), null ,null ,null , 1),
(26, 'Cauquenes', 7, CURRENT_TIMESTAMP(), null ,null ,null , 1),
(27, 'Curicó', 7, CURRENT_TIMESTAMP(), null ,null ,null , 1),
(28, 'Linares', 7, CURRENT_TIMESTAMP(), null ,null ,null , 1),
(29, 'Concepción', 8, CURRENT_TIMESTAMP(), null ,null ,null , 1),
(30, 'Arauco', 8, CURRENT_TIMESTAMP(), null ,null ,null , 1),
(31, 'Biobío', 8, CURRENT_TIMESTAMP(), null ,null ,null , 1),
(32, 'Ñuble', 8, CURRENT_TIMESTAMP(), null ,null ,null , 1),
(33, 'Cautín', 9, CURRENT_TIMESTAMP(), null ,null ,null , 1),
(34, 'Malleco', 9, CURRENT_TIMESTAMP(), null ,null ,null , 1),
(35, 'Valdivia', 14, CURRENT_TIMESTAMP(), null ,null ,null , 1),
(36, 'Ranco', 14, CURRENT_TIMESTAMP(), null ,null ,null , 1),
(37, 'Llanquihue', 10, CURRENT_TIMESTAMP(), null ,null ,null , 1),
(38, 'Chiloé', 10, CURRENT_TIMESTAMP(), null ,null ,null , 1),
(39, 'Osorno', 10, CURRENT_TIMESTAMP(), null ,null ,null , 1),
(40, 'Palena', 10, CURRENT_TIMESTAMP(), null ,null ,null , 1),
(41, 'Coihaique', 11, CURRENT_TIMESTAMP(), null ,null ,null , 1),
(42, 'Aisén', 11, CURRENT_TIMESTAMP(), null ,null ,null , 1),
(43, 'Capitán Prat', 11, CURRENT_TIMESTAMP(), null ,null ,null , 1),
(44, 'General Carrera', 11, CURRENT_TIMESTAMP(), null ,null ,null , 1),
(45, 'Magallanes', 12, CURRENT_TIMESTAMP(), null ,null ,null , 1),
(46, 'Antártica Chilena', 12, CURRENT_TIMESTAMP(), null ,null ,null , 1),
(47, 'Tierra del Fuego', 12, CURRENT_TIMESTAMP(), null ,null ,null , 1),
(48, 'Última Esperanza', 12, CURRENT_TIMESTAMP(), null ,null ,null , 1),
(49, 'Santiago', 13, CURRENT_TIMESTAMP(), null ,null ,null , 1),
(50, 'Cordillera', 13, CURRENT_TIMESTAMP(), null ,null ,null , 1),
(51, 'Chacabuco', 13, CURRENT_TIMESTAMP(), null ,null ,null , 1),
(52, 'Maipo', 13, CURRENT_TIMESTAMP(), null ,null ,null , 1),
(53, 'Melipilla', 13, CURRENT_TIMESTAMP(), null ,null ,null , 1),
(54, 'Talagante', 13, CURRENT_TIMESTAMP(), null ,null ,null , 1),
(55, 'Sin provincia', 99, CURRENT_TIMESTAMP(), null ,null ,null , 1);

INSERT INTO T_COMUNA (id_comuna, nombre_comuna, id_provincia, fecha_creacion, fecha_modificacion, usuario_creacion, usuario_modificacion, vigente) VALUES
(1, 'Iquique', 3,	CURRENT_TIMESTAMP(), null ,null ,null , 1),
(2, 'Alto Hospicio', 3,	CURRENT_TIMESTAMP(), null ,null ,null , 1),
(3, 'Pozo Almonte', 4,	CURRENT_TIMESTAMP(), null ,null ,null , 1),
(4, 'Camiña', 4,	CURRENT_TIMESTAMP(), null ,null ,null , 1),
(5, 'Colchane', 4,	CURRENT_TIMESTAMP(), null ,null ,null , 1),
(6, 'Huara', 4,	CURRENT_TIMESTAMP(), null ,null ,null , 1),
(7, 'Pica', 4,	CURRENT_TIMESTAMP(), null ,null ,null , 1),
(8, 'Antofagasta', 5,	CURRENT_TIMESTAMP(), null ,null ,null , 1),
(9, 'Mejillones', 5,	CURRENT_TIMESTAMP(), null ,null ,null , 1),
(10, 'Sierra Gorda', 5,	CURRENT_TIMESTAMP(), null ,null ,null , 1),
(11, 'Taltal', 5,	CURRENT_TIMESTAMP(), null ,null ,null , 1),
(12, 'Calama', 6,	CURRENT_TIMESTAMP(), null ,null ,null , 1),
(13, 'Ollagüe', 6,	CURRENT_TIMESTAMP(), null ,null ,null , 1),
(14, 'San Pedro de Atacama', 6,	CURRENT_TIMESTAMP(), null ,null ,null , 1),
(15, 'Tocopilla', 7,	CURRENT_TIMESTAMP(), null ,null ,null , 1),
(16, 'María Elena', 7,	CURRENT_TIMESTAMP(), null ,null ,null , 1),
(17, 'Copiapó', 8,	CURRENT_TIMESTAMP(), null ,null ,null , 1),
(18, 'Caldera', 8,	CURRENT_TIMESTAMP(), null ,null ,null , 1),
(19, 'Tierra Amarilla', 8,	CURRENT_TIMESTAMP(), null ,null ,null , 1),
(20, 'Chañaral', 9,	CURRENT_TIMESTAMP(), null ,null ,null , 1),
(21, 'Diego de Almagro', 9,	CURRENT_TIMESTAMP(), null ,null ,null , 1),
(22, 'Vallenar', 10,	CURRENT_TIMESTAMP(), null ,null ,null , 1),
(23, 'Alto del Carmen', 10,	CURRENT_TIMESTAMP(), null ,null ,null , 1),
(24, 'Freirina', 10,	CURRENT_TIMESTAMP(), null ,null ,null , 1),
(25, 'Huasco', 10,	CURRENT_TIMESTAMP(), null ,null ,null , 1),
(26, 'La Serena', 11,	CURRENT_TIMESTAMP(), null ,null ,null , 1),
(27, 'Coquimbo', 11,	CURRENT_TIMESTAMP(), null ,null ,null , 1),
(28, 'Andacollo', 11,	CURRENT_TIMESTAMP(), null ,null ,null , 1),
(29, 'La Higuera', 11,	CURRENT_TIMESTAMP(), null ,null ,null , 1),
(30, 'Paihuano', 11,	CURRENT_TIMESTAMP(), null ,null ,null , 1),
(31, 'Vicuña', 11,	CURRENT_TIMESTAMP(), null ,null ,null , 1),
(32, 'Illapel', 12,	CURRENT_TIMESTAMP(), null ,null ,null , 1),
(33, 'Canela', 12,	CURRENT_TIMESTAMP(), null ,null ,null , 1),
(34, 'Los Vilos', 12,	CURRENT_TIMESTAMP(), null ,null ,null , 1),
(35, 'Salamanca', 12,	CURRENT_TIMESTAMP(), null ,null ,null , 1),
(36, 'Ovalle', 13,	CURRENT_TIMESTAMP(), null ,null ,null , 1),
(37, 'Combarbalá', 13,	CURRENT_TIMESTAMP(), null ,null ,null , 1),
(38, 'Monte Patria', 13,	CURRENT_TIMESTAMP(), null ,null ,null , 1),
(39, 'Punitaqui', 13,	CURRENT_TIMESTAMP(), null ,null ,null , 1),
(40, 'Río Hurtado', 13,	CURRENT_TIMESTAMP(), null ,null ,null , 1),
(41, 'Valparaíso', 14,	CURRENT_TIMESTAMP(), null ,null ,null , 1),
(42, 'Casablanca', 14,	CURRENT_TIMESTAMP(), null ,null ,null , 1),
(43, 'Concón', 14,	CURRENT_TIMESTAMP(), null ,null ,null , 1),
(44, 'Juan Fernández', 14,	CURRENT_TIMESTAMP(), null ,null ,null , 1),
(45, 'Puchuncaví', 14,	CURRENT_TIMESTAMP(), null ,null ,null , 1),
(46, 'Quintero', 14,	CURRENT_TIMESTAMP(), null ,null ,null , 1),
(47, 'Viña del Mar', 14,	CURRENT_TIMESTAMP(), null ,null ,null , 1),
(48, 'Isla de Pascua', 15,	CURRENT_TIMESTAMP(), null ,null ,null , 1),
(49, 'Los Andes', 16,	CURRENT_TIMESTAMP(), null ,null ,null , 1),
(50, 'Calle Larga', 16,	CURRENT_TIMESTAMP(), null ,null ,null , 1),
(51, 'Rinconada', 16,	CURRENT_TIMESTAMP(), null ,null ,null , 1),
(52, 'San Esteban', 16,	CURRENT_TIMESTAMP(), null ,null ,null , 1),
(53, 'La Ligua', 17,	CURRENT_TIMESTAMP(), null ,null ,null , 1),
(54, 'Cabildo', 17,	CURRENT_TIMESTAMP(), null ,null ,null , 1),
(55, 'Papudo', 17,	CURRENT_TIMESTAMP(), null ,null ,null , 1),
(56, 'Petorca', 17,	CURRENT_TIMESTAMP(), null ,null ,null , 1),
(57, 'Zapallar', 17,	CURRENT_TIMESTAMP(), null ,null ,null , 1),
(58, 'Quillota', 18,	CURRENT_TIMESTAMP(), null ,null ,null , 1),
(59, 'La Calera', 18,	CURRENT_TIMESTAMP(), null ,null ,null , 1),
(60, 'Hijuelas', 18,	CURRENT_TIMESTAMP(), null ,null ,null , 1),
(61, 'La Cruz', 18,	CURRENT_TIMESTAMP(), null ,null ,null , 1),
(62, 'Nogales', 18,	CURRENT_TIMESTAMP(), null ,null ,null , 1),
(63, 'San Antonio', 19,	CURRENT_TIMESTAMP(), null ,null ,null , 1),
(64, 'Algarrobo', 19,	CURRENT_TIMESTAMP(), null ,null ,null , 1),
(65, 'Cartagena', 19,	CURRENT_TIMESTAMP(), null ,null ,null , 1),
(66, 'El Quisco', 19,	CURRENT_TIMESTAMP(), null ,null ,null , 1),
(67, 'El Tabo', 19,	CURRENT_TIMESTAMP(), null ,null ,null , 1),
(68, 'Santo Domingo', 19,	CURRENT_TIMESTAMP(), null ,null ,null , 1),
(69, 'San Felipe', 20,	CURRENT_TIMESTAMP(), null ,null ,null , 1),
(70, 'Catemu', 20,	CURRENT_TIMESTAMP(), null ,null ,null , 1),
(71, 'Llay Llay', 20,	CURRENT_TIMESTAMP(), null ,null ,null , 1),
(72, 'Panquehue', 20,	CURRENT_TIMESTAMP(), null ,null ,null , 1),
(73, 'Putaendo', 20,	CURRENT_TIMESTAMP(), null ,null ,null , 1),
(74, 'Santa María', 20,	CURRENT_TIMESTAMP(), null ,null ,null , 1),
(75, 'Quilpué', 21,	CURRENT_TIMESTAMP(), null ,null ,null , 1),
(76, 'Limache', 21,	CURRENT_TIMESTAMP(), null ,null ,null , 1),
(77, 'Olmué', 21,	CURRENT_TIMESTAMP(), null ,null ,null , 1),
(78, 'Villa Alemana', 21,	CURRENT_TIMESTAMP(), null ,null ,null , 1),
(79, 'Rancagua', 22,	CURRENT_TIMESTAMP(), null ,null ,null , 1),
(80, 'Codegua', 22,	CURRENT_TIMESTAMP(), null ,null ,null , 1),
(81, 'Coinco', 22,	CURRENT_TIMESTAMP(), null ,null ,null , 1),
(82, 'Coltauco', 22,	CURRENT_TIMESTAMP(), null ,null ,null , 1),
(83, 'Doñihue', 22,	CURRENT_TIMESTAMP(), null ,null ,null , 1),
(84, 'Graneros', 22,	CURRENT_TIMESTAMP(), null ,null ,null , 1),
(85, 'Las Cabras', 22,	CURRENT_TIMESTAMP(), null ,null ,null , 1),
(86, 'Machalí', 22,	CURRENT_TIMESTAMP(), null ,null ,null , 1),
(87, 'Malloa', 22,	CURRENT_TIMESTAMP(), null ,null ,null , 1),
(88, 'Mostazal', 22,	CURRENT_TIMESTAMP(), null ,null ,null , 1),
(89, 'Olivar', 22,	CURRENT_TIMESTAMP(), null ,null ,null , 1),
(90, 'Peumo', 22,	CURRENT_TIMESTAMP(), null ,null ,null , 1),
(91, 'Pichidegua', 22,	CURRENT_TIMESTAMP(), null ,null ,null , 1),
(92, 'Quinta de Tilcoco', 22,	CURRENT_TIMESTAMP(), null ,null ,null , 1),
(93, 'Rengo', 22,	CURRENT_TIMESTAMP(), null ,null ,null , 1),
(94, 'Requínoa', 22,	CURRENT_TIMESTAMP(), null ,null ,null , 1),
(95, 'San Vicente', 22,	CURRENT_TIMESTAMP(), null ,null ,null , 1),
(96, 'Pichilemu', 23,	CURRENT_TIMESTAMP(), null ,null ,null , 1),
(97, 'La Estrella', 23,	CURRENT_TIMESTAMP(), null ,null ,null , 1),
(98, 'Litueche', 23,	CURRENT_TIMESTAMP(), null ,null ,null , 1),
(99, 'Marchihue', 23,	CURRENT_TIMESTAMP(), null ,null ,null , 1),
(100, 'Navidad', 23,	CURRENT_TIMESTAMP(), null ,null ,null , 1),
(101, 'Paredones', 23,	CURRENT_TIMESTAMP(), null ,null ,null , 1),
(102, 'San Fernando', 24,	CURRENT_TIMESTAMP(), null ,null ,null , 1),
(103, 'Chépica', 24,	CURRENT_TIMESTAMP(), null ,null ,null , 1),
(104, 'Chimbarongo', 24,	CURRENT_TIMESTAMP(), null ,null ,null , 1),
(105, 'Lolol', 24,	CURRENT_TIMESTAMP(), null ,null ,null , 1),
(106, 'Nancagua', 24,	CURRENT_TIMESTAMP(), null ,null ,null , 1),
(107, 'Palmilla', 24,	CURRENT_TIMESTAMP(), null ,null ,null , 1),
(108, 'Peralillo', 24,	CURRENT_TIMESTAMP(), null ,null ,null , 1),
(109, 'Placilla', 24,	CURRENT_TIMESTAMP(), null ,null ,null , 1),
(110, 'Pumanque', 24,	CURRENT_TIMESTAMP(), null ,null ,null , 1),
(111, 'Santa Cruz', 24,	CURRENT_TIMESTAMP(), null ,null ,null , 1),
(112, 'Talca', 25,	CURRENT_TIMESTAMP(), null ,null ,null , 1),
(113, 'Constitución', 25,	CURRENT_TIMESTAMP(), null ,null ,null , 1),
(114, 'Curepto', 25,	CURRENT_TIMESTAMP(), null ,null ,null , 1),
(115, 'Empedrado', 25,	CURRENT_TIMESTAMP(), null ,null ,null , 1),
(116, 'Maule', 25,	CURRENT_TIMESTAMP(), null ,null ,null , 1),
(117, 'Pelarco', 25,	CURRENT_TIMESTAMP(), null ,null ,null , 1),
(118, 'Pencahue', 25,	CURRENT_TIMESTAMP(), null ,null ,null , 1),
(119, 'Río Claro', 25,	CURRENT_TIMESTAMP(), null ,null ,null , 1),
(120, 'San Clemente', 25,	CURRENT_TIMESTAMP(), null ,null ,null , 1),
(121, 'San Rafael', 25,	CURRENT_TIMESTAMP(), null ,null ,null , 1),
(122, 'Cauquenes', 26,	CURRENT_TIMESTAMP(), null ,null ,null , 1),
(123, 'Chanco', 26,	CURRENT_TIMESTAMP(), null ,null ,null , 1),
(124, 'Pelluhue', 26,	CURRENT_TIMESTAMP(), null ,null ,null , 1),
(125, 'Curicó', 27,	CURRENT_TIMESTAMP(), null ,null ,null , 1),
(126, 'Hualañé', 27,	CURRENT_TIMESTAMP(), null ,null ,null , 1),
(127, 'Licantén', 27,	CURRENT_TIMESTAMP(), null ,null ,null , 1),
(128, 'Molina', 27,	CURRENT_TIMESTAMP(), null ,null ,null , 1),
(129, 'Rauco', 27,	CURRENT_TIMESTAMP(), null ,null ,null , 1),
(130, 'Romeral', 27,	CURRENT_TIMESTAMP(), null ,null ,null , 1),
(131, 'Sagrada Familia', 27,	CURRENT_TIMESTAMP(), null ,null ,null , 1),
(132, 'Teno', 27,	CURRENT_TIMESTAMP(), null ,null ,null , 1),
(133, 'Vichuquén', 27,	CURRENT_TIMESTAMP(), null ,null ,null , 1),
(134, 'Linares', 28,	CURRENT_TIMESTAMP(), null ,null ,null , 1),
(135, 'Colbún', 28,	CURRENT_TIMESTAMP(), null ,null ,null , 1),
(136, 'Longaví', 28,	CURRENT_TIMESTAMP(), null ,null ,null , 1),
(137, 'Parral', 28,	CURRENT_TIMESTAMP(), null ,null ,null , 1),
(138, 'Retiro', 28,	CURRENT_TIMESTAMP(), null ,null ,null , 1),
(139, 'San Javier', 28,	CURRENT_TIMESTAMP(), null ,null ,null , 1),
(140, 'Villa Alegre', 28,	CURRENT_TIMESTAMP(), null ,null ,null , 1),
(141, 'Yerbas Buenas', 28,	CURRENT_TIMESTAMP(), null ,null ,null , 1),
(142, 'Concepción', 29,	CURRENT_TIMESTAMP(), null ,null ,null , 1),
(143, 'Coronel', 29,	CURRENT_TIMESTAMP(), null ,null ,null , 1),
(144, 'Chiguayante', 29,	CURRENT_TIMESTAMP(), null ,null ,null , 1),
(145, 'Florida', 29,	CURRENT_TIMESTAMP(), null ,null ,null , 1),
(146, 'Hualqui', 29,	CURRENT_TIMESTAMP(), null ,null ,null , 1),
(147, 'Lota', 29,	CURRENT_TIMESTAMP(), null ,null ,null , 1),
(148, 'Penco', 29,	CURRENT_TIMESTAMP(), null ,null ,null , 1),
(149, 'San Pedro de la Paz', 29,	CURRENT_TIMESTAMP(), null ,null ,null , 1),
(150, 'Santa Juana', 29,	CURRENT_TIMESTAMP(), null ,null ,null , 1),
(151, 'Talcahuano', 29,	CURRENT_TIMESTAMP(), null ,null ,null , 1),
(152, 'Tomé', 29,	CURRENT_TIMESTAMP(), null ,null ,null , 1),
(153, 'Hualpén', 29,	CURRENT_TIMESTAMP(), null ,null ,null , 1),
(154, 'Lebu', 30,	CURRENT_TIMESTAMP(), null ,null ,null , 1),
(155, 'Arauco', 30,	CURRENT_TIMESTAMP(), null ,null ,null , 1),
(156, 'Cañete', 30,	CURRENT_TIMESTAMP(), null ,null ,null , 1),
(157, 'Contulmo', 30,	CURRENT_TIMESTAMP(), null ,null ,null , 1),
(158, 'Curanilahue', 30,	CURRENT_TIMESTAMP(), null ,null ,null , 1),
(159, 'Los Álamos', 30,	CURRENT_TIMESTAMP(), null ,null ,null , 1),
(160, 'Tirúa', 30,	CURRENT_TIMESTAMP(), null ,null ,null , 1),
(161, 'Los Ángeles', 31,	CURRENT_TIMESTAMP(), null ,null ,null , 1),
(162, 'Antuco', 31,	CURRENT_TIMESTAMP(), null ,null ,null , 1),
(163, 'Cabrero', 31,	CURRENT_TIMESTAMP(), null ,null ,null , 1),
(164, 'Laja', 31,	CURRENT_TIMESTAMP(), null ,null ,null , 1),
(165, 'Mulchén', 31,	CURRENT_TIMESTAMP(), null ,null ,null , 1),
(166, 'Nacimiento', 31,	CURRENT_TIMESTAMP(), null ,null ,null , 1),
(167, 'Negrete', 31,	CURRENT_TIMESTAMP(), null ,null ,null , 1),
(168, 'Quilaco', 31,	CURRENT_TIMESTAMP(), null ,null ,null , 1),
(169, 'Quilleco', 31,	CURRENT_TIMESTAMP(), null ,null ,null , 1),
(170, 'San Rosendo', 31,	CURRENT_TIMESTAMP(), null ,null ,null , 1),
(171, 'Santa Bárbara', 31,	CURRENT_TIMESTAMP(), null ,null ,null , 1),
(172, 'Tucapel', 31,	CURRENT_TIMESTAMP(), null ,null ,null , 1),
(173, 'Yumbel', 31,	CURRENT_TIMESTAMP(), null ,null ,null , 1),
(174, 'Alto Biobío', 31,	CURRENT_TIMESTAMP(), null ,null ,null , 1),
(175, 'Chillán', 32,	CURRENT_TIMESTAMP(), null ,null ,null , 1),
(176, 'Bulnes', 32,	CURRENT_TIMESTAMP(), null ,null ,null , 1),
(177, 'Cobquecura', 32,	CURRENT_TIMESTAMP(), null ,null ,null , 1),
(178, 'Coelemu', 32,	CURRENT_TIMESTAMP(), null ,null ,null , 1),
(179, 'Coihueco', 32,	CURRENT_TIMESTAMP(), null ,null ,null , 1),
(180, 'Chillán Viejo', 32,	CURRENT_TIMESTAMP(), null ,null ,null , 1),
(181, 'El Carmen', 32,	CURRENT_TIMESTAMP(), null ,null ,null , 1),
(182, 'Ninhue', 32,	CURRENT_TIMESTAMP(), null ,null ,null , 1),
(183, 'Ñiquén', 32,	CURRENT_TIMESTAMP(), null ,null ,null , 1),
(184, 'Pemuco', 32,	CURRENT_TIMESTAMP(), null ,null ,null , 1),
(185, 'Pinto', 32,	CURRENT_TIMESTAMP(), null ,null ,null , 1),
(186, 'Portezuelo', 32,	CURRENT_TIMESTAMP(), null ,null ,null , 1),
(187, 'Quillón', 32,	CURRENT_TIMESTAMP(), null ,null ,null , 1),
(188, 'Quirihue', 32,	CURRENT_TIMESTAMP(), null ,null ,null , 1),
(189, 'Ránquil', 32,	CURRENT_TIMESTAMP(), null ,null ,null , 1),
(190, 'San Carlos', 32,	CURRENT_TIMESTAMP(), null ,null ,null , 1),
(191, 'San Fabián', 32,	CURRENT_TIMESTAMP(), null ,null ,null , 1),
(192, 'San Ignacio', 32,	CURRENT_TIMESTAMP(), null ,null ,null , 1),
(193, 'San Nicolás', 32,	CURRENT_TIMESTAMP(), null ,null ,null , 1),
(194, 'Treguaco', 32,	CURRENT_TIMESTAMP(), null ,null ,null , 1),
(195, 'Yungay', 32,	CURRENT_TIMESTAMP(), null ,null ,null , 1),
(196, 'Temuco', 33,	CURRENT_TIMESTAMP(), null ,null ,null , 1),
(197, 'Carahue', 33,	CURRENT_TIMESTAMP(), null ,null ,null , 1),
(198, 'Cunco', 33,	CURRENT_TIMESTAMP(), null ,null ,null , 1),
(199, 'Curarrehue', 33,	CURRENT_TIMESTAMP(), null ,null ,null , 1),
(200, 'Freire', 33,	CURRENT_TIMESTAMP(), null ,null ,null , 1),
(201, 'Galvarino', 33,	CURRENT_TIMESTAMP(), null ,null ,null , 1),
(202, 'Gorbea', 33,	CURRENT_TIMESTAMP(), null ,null ,null , 1),
(203, 'Lautaro', 33,	CURRENT_TIMESTAMP(), null ,null ,null , 1),
(204, 'Loncoche', 33,	CURRENT_TIMESTAMP(), null ,null ,null , 1),
(205, 'Melipeuco', 33,	CURRENT_TIMESTAMP(), null ,null ,null , 1),
(206, 'Nueva Imperial', 33,	CURRENT_TIMESTAMP(), null ,null ,null , 1),
(207, 'Padre las Casas', 33,	CURRENT_TIMESTAMP(), null ,null ,null , 1),
(208, 'Perquenco', 33,	CURRENT_TIMESTAMP(), null ,null ,null , 1),
(209, 'Pitrufquén', 33,	CURRENT_TIMESTAMP(), null ,null ,null , 1),
(210, 'Pucón', 33,	CURRENT_TIMESTAMP(), null ,null ,null , 1),
(211, 'Saavedra', 33,	CURRENT_TIMESTAMP(), null ,null ,null , 1),
(212, 'Teodoro Schmidt', 33,	CURRENT_TIMESTAMP(), null ,null ,null , 1),
(213, 'Toltén', 33,	CURRENT_TIMESTAMP(), null ,null ,null , 1),
(214, 'Vilcún', 33,	CURRENT_TIMESTAMP(), null ,null ,null , 1),
(215, 'Villarrica', 33,	CURRENT_TIMESTAMP(), null ,null ,null , 1),
(216, 'Cholchol', 33,	CURRENT_TIMESTAMP(), null ,null ,null , 1),
(217, 'Angol', 34,	CURRENT_TIMESTAMP(), null ,null ,null , 1),
(218, 'Collipulli', 34,	CURRENT_TIMESTAMP(), null ,null ,null , 1),
(219, 'Curacautín', 34,	CURRENT_TIMESTAMP(), null ,null ,null , 1),
(220, 'Ercilla', 34,	CURRENT_TIMESTAMP(), null ,null ,null , 1),
(221, 'Lonquimay', 34,	CURRENT_TIMESTAMP(), null ,null ,null , 1),
(222, 'Los Sauces', 34,	CURRENT_TIMESTAMP(), null ,null ,null , 1),
(223, 'Lumaco', 34,	CURRENT_TIMESTAMP(), null ,null ,null , 1),
(224, 'Purén', 34,	CURRENT_TIMESTAMP(), null ,null ,null , 1),
(225, 'Renaico', 34,	CURRENT_TIMESTAMP(), null ,null ,null , 1),
(226, 'Traiguén', 34,	CURRENT_TIMESTAMP(), null ,null ,null , 1),
(227, 'Victoria', 34,	CURRENT_TIMESTAMP(), null ,null ,null , 1),
(228, 'Puerto Montt', 37,	CURRENT_TIMESTAMP(), null ,null ,null , 1),
(229, 'Calbuco', 37,	CURRENT_TIMESTAMP(), null ,null ,null , 1),
(230, 'Cochamó', 37,	CURRENT_TIMESTAMP(), null ,null ,null , 1),
(231, 'Fresia', 37,	CURRENT_TIMESTAMP(), null ,null ,null , 1),
(232, 'Frutillar', 37,	CURRENT_TIMESTAMP(), null ,null ,null , 1),
(233, 'Los Muermos', 37,	CURRENT_TIMESTAMP(), null ,null ,null , 1),
(234, 'Llanquihue', 37,	CURRENT_TIMESTAMP(), null ,null ,null , 1),
(235, 'Maullín', 37,	CURRENT_TIMESTAMP(), null ,null ,null , 1),
(236, 'Puerto Varas', 37,	CURRENT_TIMESTAMP(), null ,null ,null , 1),
(237, 'Castro', 38,	CURRENT_TIMESTAMP(), null ,null ,null , 1),
(238, 'Ancud', 38,	CURRENT_TIMESTAMP(), null ,null ,null , 1),
(239, 'Chonchi', 38,	CURRENT_TIMESTAMP(), null ,null ,null , 1),
(240, 'Curaco de Vélez', 38,	CURRENT_TIMESTAMP(), null ,null ,null , 1),
(241, 'Dalcahue', 38,	CURRENT_TIMESTAMP(), null ,null ,null , 1),
(242, 'Puqueldón', 38,	CURRENT_TIMESTAMP(), null ,null ,null , 1),
(243, 'Queilén', 38,	CURRENT_TIMESTAMP(), null ,null ,null , 1),
(244, 'Quellón', 38,	CURRENT_TIMESTAMP(), null ,null ,null , 1),
(245, 'Quemchi', 38,	CURRENT_TIMESTAMP(), null ,null ,null , 1),
(246, 'Quinchao', 38,	CURRENT_TIMESTAMP(), null ,null ,null , 1),
(247, 'Osorno', 39,	CURRENT_TIMESTAMP(), null ,null ,null , 1),
(248, 'Puerto Octay', 39,	CURRENT_TIMESTAMP(), null ,null ,null , 1),
(249, 'Purranque', 39,	CURRENT_TIMESTAMP(), null ,null ,null , 1),
(250, 'Puyehue', 39,	CURRENT_TIMESTAMP(), null ,null ,null , 1),
(251, 'Río Negro', 39,	CURRENT_TIMESTAMP(), null ,null ,null , 1),
(252, 'San Juan de la Costa', 39,	CURRENT_TIMESTAMP(), null ,null ,null , 1),
(253, 'San Pablo', 39,	CURRENT_TIMESTAMP(), null ,null ,null , 1),
(254, 'Chaitén', 40,	CURRENT_TIMESTAMP(), null ,null ,null , 1),
(255, 'Futaleufú', 40,	CURRENT_TIMESTAMP(), null ,null ,null , 1),
(256, 'Hualaihué', 40,	CURRENT_TIMESTAMP(), null ,null ,null , 1),
(257, 'Palena', 40,	CURRENT_TIMESTAMP(), null ,null ,null , 1),
(258, 'Coyhaique', 41,	CURRENT_TIMESTAMP(), null ,null ,null , 1),
(259, 'Lago Verde', 41,	CURRENT_TIMESTAMP(), null ,null ,null , 1),
(260, 'Aysén', 42,	CURRENT_TIMESTAMP(), null ,null ,null , 1),
(261, 'Cisnes', 42,	CURRENT_TIMESTAMP(), null ,null ,null , 1),
(262, 'Guaitecas', 42,	CURRENT_TIMESTAMP(), null ,null ,null , 1),
(263, 'Cochrane', 43,	CURRENT_TIMESTAMP(), null ,null ,null , 1),
(264, 'OnullHiggins', 43,	CURRENT_TIMESTAMP(), null ,null ,null , 1),
(265, 'Tortel', 43,	CURRENT_TIMESTAMP(), null ,null ,null , 1),
(266, 'Chile Chico', 44,	CURRENT_TIMESTAMP(), null ,null ,null , 1),
(267, 'Río Ibáñez', 44,	CURRENT_TIMESTAMP(), null ,null ,null , 1),
(268, 'Punta Arenas', 45,	CURRENT_TIMESTAMP(), null ,null ,null , 1),
(269, 'Laguna Blanca', 45,	CURRENT_TIMESTAMP(), null ,null ,null , 1),
(270, 'Río Verde', 45,	CURRENT_TIMESTAMP(), null ,null ,null , 1),
(271, 'San Gregorio', 45,	CURRENT_TIMESTAMP(), null ,null ,null , 1),
(272, 'Cabo de Hornos', 46,	CURRENT_TIMESTAMP(), null ,null ,null , 1),
(273, 'Antártica', 46,	CURRENT_TIMESTAMP(), null ,null ,null , 1),
(274, 'Porvenir', 47,	CURRENT_TIMESTAMP(), null ,null ,null , 1),
(275, 'Primavera', 47,	CURRENT_TIMESTAMP(), null ,null ,null , 1),
(276, 'Timaukel', 47,	CURRENT_TIMESTAMP(), null ,null ,null , 1),
(277, 'Natales', 48,	CURRENT_TIMESTAMP(), null ,null ,null , 1),
(278, 'Torres del Paine', 48,	CURRENT_TIMESTAMP(), null ,null ,null , 1),
(279, 'Santiago', 49,	CURRENT_TIMESTAMP(), null ,null ,null , 1),
(280, 'Cerrillos', 49,	CURRENT_TIMESTAMP(), null ,null ,null , 1),
(281, 'Cerro Navia', 49,	CURRENT_TIMESTAMP(), null ,null ,null , 1),
(282, 'Conchalí', 49,	CURRENT_TIMESTAMP(), null ,null ,null , 1),
(283, 'El Bosque', 49,	CURRENT_TIMESTAMP(), null ,null ,null , 1),
(284, 'Estación Central', 49,	CURRENT_TIMESTAMP(), null ,null ,null , 1),
(285, 'Huechuraba', 49,	CURRENT_TIMESTAMP(), null ,null ,null , 1),
(286, 'Independencia', 49,	CURRENT_TIMESTAMP(), null ,null ,null , 1),
(287, 'La Cisterna', 49,	CURRENT_TIMESTAMP(), null ,null ,null , 1),
(288, 'La Florida', 49,	CURRENT_TIMESTAMP(), null ,null ,null , 1),
(289, 'La Granja', 49,	CURRENT_TIMESTAMP(), null ,null ,null , 1),
(290, 'La Pintana', 49,	CURRENT_TIMESTAMP(), null ,null ,null , 1),
(291, 'La Reina', 49,	CURRENT_TIMESTAMP(), null ,null ,null , 1),
(292, 'Las Condes', 49,	CURRENT_TIMESTAMP(), null ,null ,null , 1),
(293, 'Lo Barnechea', 49,	CURRENT_TIMESTAMP(), null ,null ,null , 1),
(294, 'Lo Espejo', 49,	CURRENT_TIMESTAMP(), null ,null ,null , 1),
(295, 'Lo Prado', 49,	CURRENT_TIMESTAMP(), null ,null ,null , 1),
(296, 'Macul', 49,	CURRENT_TIMESTAMP(), null ,null ,null , 1),
(297, 'Maipú', 49,	CURRENT_TIMESTAMP(), null ,null ,null , 1),
(298, 'Ñuñoa', 49,	CURRENT_TIMESTAMP(), null ,null ,null , 1),
(299, 'Pedro Aguirre Cerda', 49,	CURRENT_TIMESTAMP(), null ,null ,null , 1),
(300, 'Peñalolén', 49,	CURRENT_TIMESTAMP(), null ,null ,null , 1),
(301, 'Providencia', 49,	CURRENT_TIMESTAMP(), null ,null ,null , 1),
(302, 'Pudahuel', 49,	CURRENT_TIMESTAMP(), null ,null ,null , 1),
(303, 'Quilicura', 49,	CURRENT_TIMESTAMP(), null ,null ,null , 1),
(304, 'Quinta Normal', 49,	CURRENT_TIMESTAMP(), null ,null ,null , 1),
(305, 'Recoleta', 49,	CURRENT_TIMESTAMP(), null ,null ,null , 1),
(306, 'Renca', 49,	CURRENT_TIMESTAMP(), null ,null ,null , 1),
(307, 'San Joaquín', 49,	CURRENT_TIMESTAMP(), null ,null ,null , 1),
(308, 'San Miguel', 49,	CURRENT_TIMESTAMP(), null ,null ,null , 1),
(309, 'San Ramón', 49,	CURRENT_TIMESTAMP(), null ,null ,null , 1),
(310, 'Vitacura', 49,	CURRENT_TIMESTAMP(), null ,null ,null , 1),
(311, 'Puente Alto', 50,	CURRENT_TIMESTAMP(), null ,null ,null , 1),
(312, 'Pirque', 50,	CURRENT_TIMESTAMP(), null ,null ,null , 1),
(313, 'San José de Maipo', 50,	CURRENT_TIMESTAMP(), null ,null ,null , 1),
(314, 'Colina', 51,	CURRENT_TIMESTAMP(), null ,null ,null , 1),
(315, 'Lampa', 51,	CURRENT_TIMESTAMP(), null ,null ,null , 1),
(316, 'Tiltil', 51,	CURRENT_TIMESTAMP(), null ,null ,null , 1),
(317, 'San Bernardo', 52,	CURRENT_TIMESTAMP(), null ,null ,null , 1),
(318, 'Buin', 52,	CURRENT_TIMESTAMP(), null ,null ,null , 1),
(319, 'Calera de Tango', 52,	CURRENT_TIMESTAMP(), null ,null ,null , 1),
(320, 'Paine', 52,	CURRENT_TIMESTAMP(), null ,null ,null , 1),
(321, 'Melipilla', 53,	CURRENT_TIMESTAMP(), null ,null ,null , 1),
(322, 'Alhué', 53,	CURRENT_TIMESTAMP(), null ,null ,null , 1),
(323, 'Curacaví', 53,	CURRENT_TIMESTAMP(), null ,null ,null , 1),
(324, 'María Pinto', 53,	CURRENT_TIMESTAMP(), null ,null ,null , 1),
(325, 'San Pedro', 53,	CURRENT_TIMESTAMP(), null ,null ,null , 1),
(326, 'Talagante', 54,	CURRENT_TIMESTAMP(), null ,null ,null , 1),
(327, 'El Monte', 54,	CURRENT_TIMESTAMP(), null ,null ,null , 1),
(328, 'Isla de Maipo', 54,	CURRENT_TIMESTAMP(), null ,null ,null , 1),
(329, 'Padre Hurtado', 54,	CURRENT_TIMESTAMP(), null ,null ,null , 1),
(330, 'Peñaflor', 54,	CURRENT_TIMESTAMP(), null ,null ,null , 1),
(331, 'Valdivia', 35,	CURRENT_TIMESTAMP(), null ,null ,null , 1),
(332, 'Corral', 35,	CURRENT_TIMESTAMP(), null ,null ,null , 1),
(333, 'Lanco', 35,	CURRENT_TIMESTAMP(), null ,null ,null , 1),
(334, 'Los Lagos', 35,	CURRENT_TIMESTAMP(), null ,null ,null , 1),
(335, 'Máfil', 35,	CURRENT_TIMESTAMP(), null ,null ,null , 1),
(336, 'Mariquina', 35,	CURRENT_TIMESTAMP(), null ,null ,null , 1),
(337, 'Paillaco', 35,	CURRENT_TIMESTAMP(), null ,null ,null , 1),
(338, 'Panguipulli', 35,	CURRENT_TIMESTAMP(), null ,null ,null , 1),
(339, 'La Unión', 36,	CURRENT_TIMESTAMP(), null ,null ,null , 1),
(340, 'Futrono', 36,	CURRENT_TIMESTAMP(), null ,null ,null , 1),
(341, 'Lago Ranco', 36,	CURRENT_TIMESTAMP(), null ,null ,null , 1),
(342, 'Río Bueno', 36,	CURRENT_TIMESTAMP(), null ,null ,null , 1),
(343, 'Arica', 1,	CURRENT_TIMESTAMP(), null ,null ,null , 1),
(344, 'Camarones', 1,	CURRENT_TIMESTAMP(), null ,null ,null , 1),
(345, 'Putre', 2,	CURRENT_TIMESTAMP(), null ,null ,null , 1),
(346, 'General Lagos', 2,	CURRENT_TIMESTAMP(), null ,null ,null , 1),
(347, 'Sin comuna', 55,	CURRENT_TIMESTAMP(), null ,null ,null , 1);







